Name,Email,Password,Phone,Address,City,Zip,Country,CC,CVV,Balance
Genevieve,interdum.feugiat.Sed@consectetuercursuset.co.uk,dd0e2dcd5315052d102b4fd66195d11ebeb9f974ea283c980334c2c45d8b34af,1-563-526-9286,Ap #626-2928 Tellus. Street,Stourbridge,80992,Hungary,82d0af000a7d3af6a33ea51c2461004c38c274e619775f6eca15c1a097127828,990,"$5,978"
Coby,nascetur.ridiculus@scelerisqueneque.ca,b3e3a93595b3ee885b9a055b1fb69590c983f3d4043c14432554ba9c1ebb8c9a,1-848-868-5382,3518 Hymenaeos. Avenue,Ettelgem,84937-768,France,e1a6cb1e72af76f388a71fd25da63e4a78a3a1272cbe8b12145fa068a940592a,524,"$9,644"
Tallulah,eget@ornareplacerat.edu,039fa900efab345386b625ad55595a070f139f698f2455f013e36874e5de9a6c,1-571-356-2551,"P.O. Box 942, 4741 Interdum St.",Lavoir,48853,Bhutan,b76c45eb35e3474acb9d61bc31ff56fdcf93202251eea2ebc657e8177f815df3,887,"$2,159"
Rebekah,Donec.egestas.Aliquam@sollicitudincommodoipsum.edu,169c9faf696ba66f8d8cd113f11fcf3e9d7af3783e1d0ca15448af82ecd133df,1-469-587-0536,Ap #386-7553 Sed St.,Tredegar,836468,American Samoa,6ca884cc23da449669340f2e2a897487eb42b71f09ce121430814844e2d15774,991,"$1,449"
Branden,Integer.aliquam@et.org,759a80c7e4b00012447d512b17f54c4b6ddf4b7a20e1382bb48a6d93a0ba28c0,1-727-986-8958,"P.O. Box 228, 2454 Urna Rd.",Kinross,71204,Cayman Islands,8a262b7d6007e595af333ef60fe577d72e56e2d64fd440b64b02641ecef6b73a,841,"$4,447"
Rahim,volutpat.Nulla.dignissim@a.org,3b3573177dd9ec58e546e4c2eb39c80df8e8fa742bb0a687ba0b1e84a0c21836,1-363-740-9097,Ap #683-4934 Luctus Street,Kungälv,6451 KR,Tajikistan,92fa66122546cf281613f2d206c15fbec4dee5165e6d39217a2eb5756ba59fc7,656,"$3,548"
Nolan,vestibulum.massa@Fuscedolor.ca,2975b27c9cfb02ffbfd7c70c60e189608bf2f9b4612040142b6fb54a0a994d04,1-629-297-1680,"P.O. Box 283, 6402 Mauris. Street",Augusta,95650,Barbados,b800f7113b9cb866ef75a6a8e91ba56516f0b97f6ded4da0fb1089c09264d1c6,984,"$2,292"
Bryar,elit.Curabitur.sed@nec.com,2ebdab7e47aaaf4a04a74cb3022359d310c4a7a8ac7f97672850430c70978aff,1-870-204-8200,Ap #661-9936 Arcu St.,Dunbar,50288,Afghanistan,c055a7b43e68441a1cb1507bc14978868f1bec2fbc22e5760ea5f4de1f4059b1,868,"$5,032"
Gail,et.malesuada.fames@aliquet.com,d5339fb6496ef4fa800c01798a780c2b5e1e6a0171ffe637a9f9260e595409f5,1-246-506-8338,"P.O. Box 599, 4551 Iaculis Avenue",Villers-Perwin,4595,Tajikistan,1009431345dc36b6e4219feb0f30ade21964cbea9a21b71cdafd57f5dcea1fac,514,"$8,879"
Damian,pharetra@Craspellentesque.net,cd205f739df01db498b44cae9ce3feba5df4fec4649e681b005e6576d6673592,1-211-171-9066,387 Dolor. Av.,North Shore,0651 OB,Haiti,328c45558107a1180b71880da669311100ef461d712f963b812f845376fdedef,881,"$6,258"
Caldwell,metus.Vivamus@ullamcorper.org,441b5efbd7575662dcc7d28c84f31e86bbdb93d367fa6e41543b42a339489d81,1-970-181-2729,"P.O. Box 742, 3563 Cursus St.",Murray Bridge,40815,Turkmenistan,17a04ec82946d5b73f5f37d2c269091ef8d3c89b7637860ea2c02511abb6e7f9,952,"$2,166"
Perry,Curabitur.sed.tortor@ornare.com,677b70115cf4953c503c3878f9e9ec0bd4f2b4dfb9d09c69c64227b40206ae50,1-408-795-3448,"P.O. Box 437, 3281 Eu Rd.",Moulins,P3X 1V1,Portugal,c37508798d7fe9a496a38b99995aa784016e17bcaa2c7c0259d99edb2ffaf8aa,276,"$6,097"
Joan,cursus.non@ac.org,3d3c4ef94b40f4bafb7edc97ec9e7be0a130a500e621491804f9e8822333cbe7,1-417-554-9271,Ap #868-5895 Egestas Road,Fraser-Fort George,1680,Belize,4849990e1ff4910a351e46045c57b622b99f2b0f8f1aa491f150be3c5b885c19,840,"$6,420"
Gemma,at.pede.Cras@ultricesmauris.ca,a867ffc67daec6bb370b229cdd6d716abab416b7b563e5e294ad26cdf44429f8,1-476-930-0308,248-7577 Mi Av.,Vanderhoof,426795,Brunei,78ef23d730ca6f1e1f0c38ac436d03869d76b9abce391e35d21c70105d94b38e,630,"$1,960"
Nerea,nibh.sit@arcu.ca,e0d945e1deefbaa2720d90245c593d06261e940e0992aac27509d8fe508571ca,1-455-848-6161,"P.O. Box 306, 8301 Erat. Av.",Avise,7695,Andorra,949d321011c05ce3526478262b7328d0a31f6dcfa0ae2978ba27a6a95ae24e46,890,"$4,190"
Ferdinand,interdum.libero.dui@lacus.net,78cfd18dd5c38df1800dcb18f316a006200da5848b564baa2c6a42dba10d6cb1,1-516-975-4346,"P.O. Box 488, 3076 Et, Av.",Ville-en-Hesbaye,9152,Maldives,a1c4ade8c6a9d2f52838ec948213d81bfa8f2353ba75138207bbfbbdda3dca4c,307,"$8,827"
Hanae,vestibulum@Proineget.ca,de8e525445c14448fa242370b2a0062c35812ea4e230f5a8f84efdf921abefb4,1-364-248-8463,611-5805 Blandit St.,Bocchigliero,70314,Czech Republic,cf810d304226c886fd0d96b903b448b6720fd80a55635d279bd1e3be28a6bf0f,142,"$5,931"
Walter,Donec@rhoncusidmollis.com,5c4fca83b9dd5950883667bd99a77e65f348bf3b30eb3141b11b90f7cb65593f,1-707-545-6588,330-7153 Leo Avenue,Schellebelle,5682,Bhutan,6ed19780480e37687392191aadce9cd50ea1156144a97ba3a2ef91c67d3d479c,707,"$7,916"
Acton,cursus@Nulla.net,d42ff65f8cd34e20afff18617fe73c44c41f3749f41530b056db41cf4d0c6857,1-807-527-4643,2584 Donec Street,Camaragibe,51-922,Mauritania,9ab4da8200c962b6c3e7984806a02bde45bc21877f561e3dfd8d9295c3c90f88,309,"$8,835"
Galena,mi@egestasblanditNam.com,f01bcb651adadb260ebedb4c0358856c255474ee2c7b5ddb8337d17f13e321ff,1-955-504-2661,"P.O. Box 294, 3923 Lobortis Street",Auburn,11202,Curaçao,ac4480fe6be1b3d5c3e575eae648adfb02adbc16aa0c1723d45b4c6afadb3882,210,"$8,904"
Abra,dictum.eu@ornarelectus.ca,d7879fddfe7d97204c4d9f07943736a3e5643016241bf905f19f470a66e8e352,1-238-738-9806,4699 Ornare Rd.,Warwick,36785,Romania,3e0efe47e736c75c7055709109a4c3b5faae9fddae623ec10953688a5eec72e9,120,"$8,472"
Peter,commodo@ipsumprimis.net,53c0234ff2d84fbb317430bd20ea2af953323d0dcb9d657169c431df73410542,1-676-525-2682,"P.O. Box 379, 3724 Sed Rd.",Limbach-Oberfrohna,D8 3JA,Wallis and Futuna,a53b1291b063c8100705794b33c23ce3451cab7bedae76ede6534d074775ade9,459,"$5,154"
Barrett,dignissim@magnisdis.net,f75782e3215b89fa72433afd9c3e455af28b65a859e1f8f02561f84cfd1e8ec0,1-821-557-8498,"P.O. Box 937, 7185 Praesent Rd.",Blankenberge,M9X 8M7,Nauru,e9a407e73de726c989627b337344f881ce70c503ed45c32ae4393b4e56b8824b,172,"$9,938"
Hakeem,Mauris@ante.co.uk,ef6637ec89565f5ccd7990da203eaa111a79bf6cd2b89e8886a6923da88a20ff,1-598-975-4930,3832 Donec Ave,Nanterre,905931,Portugal,97ca9334255c1e8d745781957d38f375fd993561b46e6d3e52ff52e0b297846a,865,"$7,287"
Carlos,ante@sagittis.co.uk,5cdc38ef981adb683b86350edab2bfc35da1ad30dc038c4b8774e98fd744a898,1-645-732-4430,652-4687 Egestas. Avenue,Bella,K8B 8Y8,Andorra,4a3915b3e3b67f2c1406413dd495f18c21a84a4152de6e9eb3f6947b2ff84e7a,738,"$8,266"
Darryl,risus@malesuada.net,7afc902912df035829741f4ad74b5903daac7b643b0d6f8d7015c71c70df18da,1-307-319-5233,8320 Parturient St.,Paraíso,03505,South Africa,6c0ff626e6cfdeed712c7521f2b1716f5882d21523a57136d24088929521b626,621,"$4,606"
Tobias,risus.at.fringilla@cubiliaCuraeDonec.com,e0c5276a3e7c99d43bc09b18ce79366a25ab86b8334ed9d167906930a98b3880,1-388-367-7778,Ap #555-6166 Luctus St.,Sissa,938130,Zimbabwe,e2d49d19302099ce289cec9c203b57475969ffbc609b155246805a59d848fc65,915,"$6,135"
Samuel,congue@Donecegestas.edu,3c00b27145475cb9890463723a8bb09bca8a7e87d26cb5e2a270ee81c5e3c4c7,1-965-233-0646,224-7185 Sed Road,Krems an der Donau,1151,Mayotte,ffadb3f15586d91da8c1f6759a6c0d785757e1524e10d2c909b0267f160740c8,792,"$9,819"
Benjamin,Morbi.vehicula@dignissimMaecenasornare.ca,2d62f49b413e0d96ed00d2467fcdd3f3a5be7b7d33f03519e550626ef3d45edb,1-750-716-4413,773-6981 Magna. Rd.,Bowden,13224,South Africa,df95085fa32d04ab789480e98ecf3c09450a082c35db6555d6f2476d49640c5e,760,"$9,806"
Bevis,in@egetodio.co.uk,3631c93ebab9d5c4684bbba4d7a41a2d074b691b1c6f304cf0194039995a0e66,1-359-779-8078,1963 Dapibus St.,Adana,81-490,Bulgaria,e434d7d3922834b292dc2d90907a5c8427aa79e547c401784dc14bd80dbe3fdb,860,"$5,932"
Haley,vitae.velit.egestas@eunullaat.co.uk,bacadc81958533cb29a344c3093151211962da9d71855272855fbd5021b12ad7,1-992-254-7284,"P.O. Box 375, 928 Magna, Ave",Laval,42040,Cape Verde,f05a5cb1e0e3ed988d5737d621d4213c4e2739bcde88173e70b11635950081c2,286,"$4,434"
Mechelle,nibh@etmalesuada.org,b7a269484d9cf33b3fd491c6d74db7ced4a3c8d3e89042d9931b010d0150f00b,1-310-177-7517,"P.O. Box 759, 2677 Tellus. Avenue",Montecarotto,EK5 8ET,Iraq,e91ab4500149bf1cba3fe4f43e21d28a67ef83b45db8c7fb4c80348541b39cee,844,"$3,204"
Caesar,sem.Pellentesque.ut@sit.net,1ea99c71f5f15643a8e7062fdba1eb7079bbc47d11804acbe6f7b1df6c2c3123,1-162-809-8475,Ap #268-1751 Vitae Road,Hartford,3230,Myanmar,407fcd5033ada21ed0fba41c8d96e1d1160be12cd01c0661646629dd6149b039,229,"$7,539"
Shaine,egestas.Duis@velit.org,0127fbcc143a0c1c3f4106f2db0d7d53e1f320d512cf2aff1e96f16bf9b71284,1-853-736-6580,"P.O. Box 522, 7945 Risus Street",Calais,I22 0QX,Guinea,48d865faa4b97d59c234eb768a7b46468f03aab55b0ba7938d5300fa2485395d,841,"$7,180"
Willow,a.odio.semper@scelerisque.com,ad81f0f398522e54148134bb6cf3698e585c980bc1da97ad27c881c725caac1c,1-173-262-0563,"347-8958 Urna, Rd.",La Baie,0497 IN,Romania,6cf034e3b05cbe630b736b1a75d6333ff7b7449040b8379501c48aa172048587,704,"$4,492"
Maxine,malesuada.fames.ac@imperdietnon.co.uk,76d1205ddb256d8a4e6226832e784c6d5b80bf72ea0533ea9bbe437951af23f3,1-813-995-8664,"P.O. Box 482, 170 Lorem Rd.",Ferlach,69091-462,French Polynesia,26128b1b0f0d68338677e7b4f5bdf0ae3a9292d10ef7d78edc2ceb423e865b71,862,"$8,686"
Stuart,enim.mi@scelerisque.com,be0705897d8e12a91d75659116e3f921accaacb504f469115eaca7620bb8a4d5,1-602-305-4386,222-613 Mauris Rd.,Haren,G1Y 8P3,Cocos (Keeling) Islands,f93dd74fc712ac155bdbba36f248120d8cf34608ddee42139d51041ba44b9c6a,705,"$8,382"
Dean,neque@dolorsitamet.net,e429efa8b90053c95c72c1e0c1d59013d37a7ac242cb5907e7088baf5dfd128a,1-117-937-7530,"P.O. Box 698, 4216 Gravida. Avenue",Kieldrecht,7085,Chile,9c647d36b7689d2fb4e0a9b6fcfb8670982325c7dc0b9b5490713d1160e8c471,478,"$3,191"
Ethan,dui.in@faucibus.edu,838c1d96516a3afbfcca4f197a82cb0e7912e713261c73cc2852f71671fc225b,1-954-471-3951,Ap #736-7881 Enim Ave,Bayonne,7533 AB,Albania,798d0311604505d7f356c082ed5e1e06dd7942644484aefaf8aaf89e1478e229,192,"$1,317"
Demetrius,massa@Nunclaoreetlectus.edu,6a1d027bc1e0df3c4580544903ad6d4dd6f4340ff964fdb1bd3e77ee5d4d0a4a,1-222-248-8419,Ap #588-7401 Faucibus Rd.,Ceppaloni,34251,Kenya,9d0c916265e783b34e81bf147adceeae6ee2f68639189a555df386e8f9a06e33,445,"$8,420"
Madeline,eu.tellus.eu@pharetrased.org,aa64d10a9efb91731d5f47497c1a0070b64cd2862f923196496d956a2a3cb9a8,1-587-464-0121,"P.O. Box 413, 4387 Phasellus Ave",Covington,612808,Maldives,c0f8610a4b48aec98061ce1049dd07fce86ca99c023ec9bd938f7bd7d71dff06,839,"$9,935"
Kristen,Cras.interdum@sapien.co.uk,10d6916e37023681dd46a807ea9aba9382bec583da3511ecca29f1f222e196e7,1-828-314-7490,184-3101 Egestas Street,Lerum,8143 RW,Sao Tome and Principe,87661ea788d0dd635936b07f4b5c9233033b4b6ff7f0373968eabbee4a0a572a,185,"$1,271"
Hector,nec@ipsumPhasellusvitae.edu,77588d9f2a75d8291b0033257de00534484e4fe005bc12cb4fdc9a796283390e,1-358-714-9965,8840 Ante Street,Caramanico Terme,869399,Armenia,3bf91d47527e166761280e603d151f57ff1842ec857034b9d91879c6a1555df8,276,"$6,252"
Cleo,Proin@pedePraesenteu.edu,19b4236bb468db71bb5da4a340f744a18fb9d3037e282950bf32d0f69aca632d,1-124-783-9682,8967 Aliquet Street,Hualqui,8552 RM,Eritrea,2d52d0676f147180262fad1cb23a1689b046cf349b4f6369853b1b4c1a8c0f0c,666,"$6,135"
Dorothy,Donec.luctus@Aliquamgravidamauris.org,40f0c9915b372ad24e5e3dd83dc39d979c5f5fe9d95972993a8e6cc6b96af0dc,1-761-733-6883,"P.O. Box 934, 4334 Ligula. Rd.",Oberpullendorf,N2 0IK,Tunisia,2004d567c2124c9deaac10de041d009beb0fcd40ff5468682f03e539f1137d83,830,"$4,390"
Dennis,eget.metus.In@Duis.org,e09f31b3235f54910e546b1b789ea17ad6a2822d5a8718a5d4388184d616fc13,1-231-536-6468,"281-5639 Non, Avenue",Dudley,7068 CE,Sri Lanka,fa2cbe20279fef5894c4175fb0391f1f9ef6676c7af5d31a17033316456a5a27,700,"$3,346"
Jarrod,risus@aliquetPhasellus.co.uk,030971ebcc0c1e751ffb17e406686484bca897a662161b99ded0dde9fcc70963,1-211-590-1819,"P.O. Box 532, 3097 Semper St.",Voitsberg,70907,Belarus,a07c1cbd50172065009aa1714cdd990163d8496d4b8b0a4859d8b76bcb8821b7,998,"$6,205"
Carolyn,tellus.lorem.eu@elitEtiamlaoreet.com,47314be6286d377b504dc3bc5ad41de06f8c48289c1e7667ca823dadfe275d9f,1-376-327-5100,4982 Sagittis St.,Coihueco,50909,Burundi,65788dac57955d124450893f16875cd5df2e33564043997be06a43e3a07456ee,119,"$4,530"
Wallace,ac@auctor.net,b60b47b3d056ea2f71d605fad5297df2a1a9ee59f7d81fcd9f69afb01e466ff6,1-868-368-3118,"P.O. Box 682, 5490 Leo. St.",Aschaffenburg,465523,Antarctica,41d7887657f522401fbb9ba20135b0ea051bc5567b783d8f4481a124b11829f4,895,"$3,317"
Raymond,Mauris.quis.turpis@egestasrhoncus.com,5116652d416a517c39b5e482ed2db642bb7dbf1800c64c126a6aab1eb94b9128,1-601-342-5507,Ap #886-3556 Quisque Street,Kanchrapara,5699,Botswana,b02bf105cf93ab287f5fbdf3245c7757b0d8e244df0f0e9dd3a05dc369156270,701,"$1,648"
Berk,magna@vehiculaetrutrum.com,f677277d838e895c889a9797a5054d8a6ce3e3401acd4e4d58f8c8ea2a9643e3,1-615-895-6431,342-3376 Pede. Rd.,Watson Lake,12019,Sierra Leone,748a3698bc93276b9ff19489092426bbf38924d81ff1649351a04fa28890b81a,770,"$2,781"
Ora,auctor@at.net,6f6e14dfbe305f3955bd811b2b206c797279e2b459656e8d7ae577fe869f0b7c,1-560-675-1564,Ap #991-3081 Eget Rd.,Sagamu,09851,Norfolk Island,c5d870de2745af1c6a34fa32bd36a14d9f3f7c7c83b3a93a6d0ff3c65280795a,581,"$8,697"
Jessica,Proin@quam.co.uk,7eb2a8bac56c3309ea32ac04097aa8ff3fa05278be92a56e450dfe0589481a35,1-597-368-3570,Ap #978-281 Fermentum Avenue,Dewas,14742,Moldova,c2a784eaec9d337bd0ecd2cd195329b8385856d5e704ba97781899a25dcb5b47,388,"$7,179"
Miranda,torquent.per@vestibulum.ca,839aa12ab8619cd5ca3eae6152568cb44a0dce4ffe2d481eefec4d93daaa22ba,1-965-642-7905,2305 Etiam Rd.,Leersum,2467,Norway,b050a574c19af67cf8c567245785b61f07f43f59d4820359b9e68338837cbbaf,996,"$1,617"
Eve,Donec.nibh.Quisque@magnaatortor.net,f830a7fc2617a11fd862b1d4cec5c6a0e7e1bbde75bd34dc6948abf0132bedca,1-569-215-7310,6413 Sed Rd.,Cessnock,MT0 7RR,Tanzania,f68d427f712f3dd5b0b4443e881363ff87e30e859dd1722e715de8373c3d4645,204,"$1,508"
Whitney,erat.semper@etrutrum.org,1353c14ee535cdc2676ab98ebe9e6b1eff1b7e1da2c797f37723a42b688e3186,1-650-818-4818,"P.O. Box 269, 8030 Mi Avenue",Glastonbury,3857,Greenland,661b4faae67fbdb4baf8695da256142f4d17fa674b43565987457bb7fbe89024,561,"$5,608"
Xenos,nulla.vulputate.dui@inceptoshymenaeosMauris.net,286763a79640124590b29d2b4bf5d98200914b693987207945655e532094a8db,1-470-979-7747,8395 Velit. Street,Collecchio,53520,Sao Tome and Principe,4c524cc44012d861e8c9319ea47618971ff5dbec4e156e6f132dbfc06ebe0272,533,"$7,197"
Teegan,mauris.sagittis@odioEtiamligula.edu,683a1aa76cd0af20a4ac5c53f175a2ac716615335ca8b735dccbf18cf20ce92e,1-313-847-7800,"623-3674 Sed, St.",Saumur,42495,Honduras,76e769c3bcb3bbf7879cff5de1686ce5427515cef151b2ac58334bdc6c4cf0ab,391,"$5,705"
Ori,accumsan@sodalesnisimagna.org,e19330c8efbbeb6f766ace0749438db75f7b417d3a7919bc561bf68e1d369743,1-166-643-0099,183-6905 Nulla. St.,Aschersleben,53501,Holy See (Vatican City State),d239b2911c075aed70b8db26577373427837dc9a82fe773fcd91b589277a6541,851,"$2,919"
Larissa,ligula@faucibusorciluctus.com,a8650baf70b76afbbbcfe4b8a90af8a4e681148fe69c6dd7648cb3428a49c848,1-366-689-2528,"P.O. Box 115, 8497 Cursus Rd.",Watermaal-Bosvoorde,126786,Guernsey,0367c753b653dbec661ae09eaadbf166d1d755c55690987800a83060280d38e9,188,"$3,804"
Rama,non.quam@sociis.org,c0d7a3b510d7f42d04b79c3a6f7dd6a063f33c619969cc6e02cdd3a76e1aaea9,1-998-206-4813,Ap #463-3341 Cursus Avenue,Bielefeld,574775,Spain,d542e3f76bc39ce1894da85f6efdc50eb6f2952cb7372c2ebbe596f96f66d0d0,502,"$8,031"
Kevin,ornare.lectus.justo@nectempusmauris.ca,e94f62cd0ff6fc433023f2f79a1e22878fddd9fab6a27cfb683efdfb1cb4da0c,1-646-205-8760,"Ap #402-901 Ac, St.",Béziers,7645,Jersey,fd02197fd6c0c78579ef50088c0de892e04ede17e8a0ca2743186876bf7179a9,411,"$6,105"
Drake,quam.a.felis@elitNulla.co.uk,5d60aa123c0f72af82e9f3b9a09ea3016715cbca1fd13c435ac16c98b99dce74,1-115-298-9459,5640 Justo. Rd.,Bousval,1181,Martinique,a7828e5992cb17e9d8927317dc3a3ffc092d60bb6e2935550b0c8fbb57002549,602,"$2,611"
Donna,auctor@ipsum.ca,9b00999cd1ed740491fc7de5529eea8d050eb3655802e1c418e3ae667a942334,1-289-182-0471,9728 Nullam Ave,Lafayette,9806,French Polynesia,fa0fa90d3bd201e9a4344fff9199e2a7dd6360334a89d9e585dbd9b57688f7fa,290,"$3,726"
Prescott,Maecenas@estarcu.org,1112fdaba991efa685e6b745788a84e398138d721ce2e36157711b18846925d3,1-501-154-4013,"Ap #945-8876 Et, Rd.",Tribogna,7540,Nicaragua,f95bd2d7e0605c332ad3516fc0177ec34f24fbaeead4a189a15b12b9652a534b,440,"$8,050"
Ina,vel@Uttinciduntorci.org,cf555c7900dc60be6c3857fd86c0288257580e3eebdb20b1b47d1995a5caa019,1-386-214-6646,9483 Maecenas Street,Appleby,44515,Ireland,8c7a582a81f5a71d476cbbd5f49f3e95dcedff48f9d3878674c2fdfa61ff9498,917,"$8,767"
Knox,Nullam.scelerisque.neque@necenim.net,a0b1548b89980040b4cfce11be163e7fb709fa0301d7a6a83e4c6dffc4024ae9,1-796-600-6334,Ap #613-6341 Adipiscing Ave,Smithers,38616,Madagascar,3155d7ef26dbb3e17328a5be0449a3b85270758945c32d62a92e1dd4b1156055,325,"$3,271"
Brody,et.magnis@semper.co.uk,f082bdfc5d4d23ab277caba2ee79563e7473effef2b4cd748098adaac8bcdbda,1-489-256-8768,"P.O. Box 200, 7348 Elementum Rd.",Caen,82375,Jamaica,7061533ca545013d71639ff911ce4293f3129218da1db69d0ef5a684c9df7467,320,"$4,297"
Glenna,lacinia.orci.consectetuer@etcommodo.com,14a9f1bf06011a43a55d721209edec705fa00c19c08f17b262b4f9837e068c5a,1-469-768-2327,Ap #334-4749 Justo Street,Crystal Springs,17265,Liberia,ddd005bc338736741ba23e0044d48a548d5b8662ca84aa24aa3b77dfcff7c031,444,"$3,811"
Orson,a.auctor@tinciduntnunc.ca,560363a525def516ae749d57566ef65519d6f046f55b3e185ce3fde0be920ebb,1-512-938-7856,123-1951 Nonummy. Avenue,LamontzŽe,67206,Antigua and Barbuda,d22c4b24093049a655519d040ba5ff9254d6385df08971901cd5dc121639a4a9,939,"$4,087"
Ingrid,dolor.sit@eratnonummy.net,ae8b85d04e2917185b3163d8099506820551f32c0059f53674606d0d1f2f9371,1-710-127-4886,512-5672 Diam Av.,Coutisse,086953,Chad,622af2979462a1a525212039cbbc55d2d3c27bf4e23d531e83560259f73ee407,792,"$6,552"
Aurora,Duis.ac@orcitincidunt.org,de8fd07f4770b03deec018cca64120003952d8e57146a48ce9657ed31549f899,1-171-288-0696,"P.O. Box 589, 4216 At, Avenue",Pincher Creek,05032,Mongolia,c50c083e44b0968c61c400a68c58fe8bbc335785cd9554ddbdeb2586960f0625,723,"$6,769"
Garrett,velit.in@justonec.net,9a75b4012e3673520a289697d805cfca46ace31ab448370451c7b4860cf6d466,1-833-784-3277,9678 Cras Avenue,Ballarat,95524,Cyprus,9b63e05a69ec4ecbd44f72837363ff1915e5ae5d5ad7295cea90521d64367b4e,630,"$8,288"
Kylan,luctus@libero.co.uk,38a637e7a333556d9fa97b356b1816e15a12c3c7fa714ab89513ccea5b897f97,1-196-287-8009,Ap #433-2865 Bibendum Ave,Harlow,95-814,Niue,494f7a56f952ecc582d44dcd86b7a7843dba5c3cde46ff4ca529c612469a119f,276,"$1,623"
Azalia,Integer.mollis.Integer@Quisque.co.uk,c4c7a26a66a466a5e07caf7614602ec8e401804a5824ff94a4563c07d44d32bb,1-122-126-4868,"P.O. Box 943, 6888 Vehicula St.",Urbe,29093,Cape Verde,ba79afa8a16a837b262a1f6f41adf811656d99a09396d79e5c741f5d588d9d25,482,"$2,410"
Dara,tempor.bibendum.Donec@convallisest.ca,763f4910a462747edf7a3c42cd851c2b6cf1dce93c7634a4f9000cbd04e5f6c4,1-531-308-8101,9636 Risus. Road,Hamme,6058,Liberia,111b7ec6643dcd1d7aa9da5af3a501dbf53406220a6fb71426936ecd5839367e,376,"$2,765"
Tamara,fames.ac.turpis@augueacipsum.org,04e8ef8d849bf2259473718c78f3f7061f7e906f1e758616cfb9d00d870d3ec3,1-769-678-5837,Ap #301-5606 Class Avenue,Turnhout,40808,"Korea, North",fab3aa0435c038f2860c414b1da58cb252f5d837f07ea4c856efeedef687418b,587,"$2,395"
Xandra,fermentum@blanditmattis.org,8d58bf1493cc089c09d509485ce70ed5930ad959d94af687105a31bce9c987c4,1-596-700-5747,4682 Nunc St.,Fallais,32611,Papua New Guinea,c85da99435be8f849011ca77e7d6ccc035f42eb93e6135351ce4eeafed66df6b,598,"$1,426"
Cecilia,convallis.erat@Aenean.com,e9126e95def19861395d5d1c01a6ae6f08181bebf9e8e413b2a02c0ee38f5c6b,1-660-623-0485,"422-3978 Et, Av.",Waiuku,M8E 0N3,Jordan,40d2acb8f6a8c958f7e96152b30c9c5163797a294f0bbecaf3056fa53a39782c,744,"$1,459"
Jason,Phasellus@nisi.net,479e873e24f5027faf4f7dcc6400c4bbf2672ce32005823091b8cb892bbba2ad,1-124-114-9173,614 Eleifend. St.,South Dum Dum,90953-479,Moldova,88a34fe3f316e3703b7b4eeac5036391cfe34244d860a2243dcc7341d688937b,735,"$9,783"
Isabelle,ullamcorper@semsempererat.org,7898e0e95433095a602610739bdf6ffbdeee8b3bfc09f33dfa5b3472c8d19e67,1-638-785-5558,"Ap #381-4180 Eu, Avenue",Juneau,63421,Chad,f22c8265f5e35302f48c3908bb8a6eeed3c3ea248afc178b86ba7e6515401dc9,728,"$2,767"
Bevis,mollis.dui.in@sitamet.net,36c35da46c3b8e70656faee7a08808fe778199a48f5eb095ba5ac72627289dd0,1-937-470-1014,Ap #428-883 Adipiscing St.,Mildura,482442,Greenland,0a1679ada8910551fe44c1e4fa568e5954c82d3cf43f1450026efd333f4f1070,245,"$5,764"
Igor,lacinia.at@duiCumsociis.edu,8a172495fb5d45546469abdccffb16411062d68f13f7e52aa3624fe5ffac7351,1-871-654-3034,468 Dolor Rd.,Frascati,18808,Reunion,8ea6412292780c76e18091e6726f9f458bcda3bd8848f0465a692de0c323b64a,850,"$5,269"
Nerea,fringilla@eu.ca,2f7c8c7ac7919f9fc4a4f683fe36fc98b19f9b366fa398be99328f052cec70bf,1-790-461-5250,Ap #354-2539 Velit Av.,Paglieta,153657,Singapore,9f87fd62d9f1f8d53b5956130ef5b529583fdc5f9073418e112f20e30f3fc214,561,"$8,367"
Armand,congue.elit@vel.edu,a39bce2318424c6e1137897f9ff54ba3497c3d2d5f197f9a05c55b05c6615bec,1-517-179-3173,Ap #225-7174 Eu Avenue,Newport News,92090,United Arab Emirates,d79b94561deddddca3ba6445722eeb816de76f02e845aecd6a8ad41cfc93ea47,909,"$7,660"
Ciaran,consequat.lectus.sit@tinciduntDonec.co.uk,bb746bef17d0cfb6ebd79b231c46f503495b3a726aca6385137ba82cd166ebdc,1-879-886-9238,2592 Blandit Avenue,Lunel,2874,Peru,1060995d15903e9d7be81c603cc471e80df4c10a1ea9a982503ed2bb8e07ad57,644,"$5,245"
Emerson,Nunc.ac@elit.org,78c603336424a716faeaf01ab3ffc3f18fe4a13ef1e0a3332407acd9634f781e,1-227-317-8661,"417 Eget, Street",Sint-Renelde Saintes,X2A 6J0,France,d12577c293994cac2bcb06617b3eedbcfe947d4cb4f151da2d54f2f212f5ba42,340,"$7,503"
Calvin,est.ac.mattis@amet.co.uk,ae3c02bd79176fc01f633a2c800c87154b164db47afa5f1a66d8f884deb8ec02,1-660-582-4622,"P.O. Box 636, 9310 Magna. Rd.",Southend,51308,Marshall Islands,57dceffc77ddc1598cd75f4237d75224610df58ebe953fc2e1504ae5e2c714ea,474,"$9,541"
Benedict,amet@tempus.org,c446aec039a9a7ed32b1a149498bbe31087f4acadf20869a929db2f4525faaa8,1-307-112-2909,8273 Et Street,Jaranwala,3554 JA,Senegal,dc36aaed4c74a36b8172b10eac855035903df0f871f7c6288a09030a73bcce8c,493,"$1,425"
Morgan,Vivamus@gravidasit.edu,19bc815f4d8d60c52b6c941f36874986f8d9c4c9fdea1202252f2537d75cfbf9,1-515-175-6953,"P.O. Box 576, 1931 Venenatis Road",Tulita,30-596,Monaco,3d1bcb84a7b8888ff4923d5fceed3b0f2e75347657dc2f5cd693e0cf5b140e4d,322,"$1,678"
Daria,enim.Sed@estMauriseu.net,46acf7c655c206bf135f0d7cb6fd90a46e18bf9de166321cbe0c981502e8ed79,1-298-871-6610,518-4718 Sociis Street,Boston,5556,Zimbabwe,ee6878b220954358461484498abcc916a14c69242887ebb84f9af312d0853b44,858,"$8,711"
Blaze,accumsan@Donecfelisorci.org,32e80b10591d2466ef5f9e4417c9c0b6533ba43a0e222341705538ad9e31da3a,1-646-517-8378,4783 Ante Ave,Stockton-on-Tees,29422,Saint Vincent and The Grenadines,5f10e2302e69330cb22ceb5c253f0098ab0ec04b5241ca0a3bfd71359219ea5a,336,"$3,652"
Doris,Phasellus@acturpisegestas.edu,e01642a663d3b210264ea1a040efcda50c3f685a17381c833882185f765e456f,1-367-777-0472,Ap #454-3090 Neque Road,Bouffioulx,5671 UQ,Dominica,d586dd22da5e41c15f0aac7074be87cfba0356266470ed5332740796844c9765,303,"$9,366"
Nora,urna.justo.faucibus@tempusloremfringilla.co.uk,84342a58a557348f8482e72e6c56e489d2c71faeaba1d9a15f36e9062ef175d1,1-809-818-8183,504-6190 Amet Avenue,Purranque,M5H 2A5,China,02656c4e7428e812eeff30295f6ff9a1c290a30fff68e904dd54bcff8d41ba58,831,"$2,461"
Shea,dictum@ridiculus.com,dd2394f18eee1992819889c02baea7a5ec7b45c6104e3ce9e7a6276c3f67507d,1-497-757-2660,5848 Ut Road,Tiruchirapalli,63229,Greenland,6f7b28c0240f2f161eb09630ed4fd80c2279c811782b159642923ee0ee6ee7f9,118,"$6,057"
Joy,quis.pede.Suspendisse@nullaCraseu.net,ecab6c170704d4563356a39abd3685f9b7b12c210f71c901511c53386079bda5,1-224-996-1431,504-7513 Malesuada St.,Branchon,30315,Egypt,adea86a4b8b5be6882d90c0630827396adaa3b9b9e00bef44d0f99c2929a237d,827,"$9,763"
Rylee,neque@Cumsociisnatoque.org,b5f705c8bc8384a8e20e9dd673ccdb6d9dda4cc4f747f0e44c02d5659ad14567,1-347-194-8650,983-6087 Eros Avenue,Montague,0149,Ecuador,367df5d77f1849dda90515e40e9a108649e12a8fa55c6659b36b86873934e45d,481,"$1,407"
Ayanna,et.magnis@tristiquesenectus.com,9a395cb9ebdb974ef0f7cad63eedb98b32ea9e5fea98e008b859a7d4facae551,1-417-101-1008,"P.O. Box 987, 2372 Magna Ave",Mold,L3X 3H3,Côte D'Ivoire (Ivory Coast),4356dd1803bf3ac56de620f3a68944d046c9bdafc175f3306d7974b3682e543d,432,"$5,302"
Brett,lectus@ametmetus.co.uk,6840cfa0621b6917d38832bf92172034815094ebcad5f41fe1d51fef7e37d8ec,1-527-600-6411,"P.O. Box 788, 6820 Ac Avenue",Angleur,568427,Central African Republic,d87f688b76c2d58aa9ff906c3ffe70b76a570ec1f70e30df0beb96940fdb2568,287,"$8,764"
Fleur,ridiculus.mus.Proin@euenim.net,4e405f02a08a03e6d164d37a20f7b5b6fe3d541a6ff55de4ae81dd99cf601304,1-457-863-0710,Ap #636-7198 Molestie Rd.,Montemignaio,7028,Bulgaria,4f90bd950472be9b72ee6f4e7d71590faf339dbf0447febb73e6ddd6e3489acb,567,"$9,098"
